,2020.12.18 16:19,2020.12.18 16:39,2020.12.18 16:59,2020.12.18 17:19,2020.12.18 17:39,2020.12.18 17:59,2020.12.18 18:19,2020.12.18 18:39,2020.12.18 18:59,2020.12.18 19:20,2020.12.18 19:40,2020.12.18 20:00,2020.12.18 20:20,2020.12.18 20:40,2020.12.18 21:00,2020.12.18 21:20,2020.12.18 21:40,2020.12.18 22:00,2020.12.18 22:20,2020.12.18 22:40,2020.12.18 23:00,2020.12.18 23:20,2020.12.18 23:40,2020.12.19 00:00,2020.12.19 00:20,2020.12.19 00:40,2020.12.19 01:00,2020.12.19 01:20,2020.12.19 01:40,2020.12.19 02:00,2020.12.19 02:20,2020.12.19 02:40,2020.12.19 03:00,2020.12.19 03:20,2020.12.19 03:40,2020.12.19 04:00,2020.12.19 04:20,2020.12.19 04:40,2020.12.19 05:00,2020.12.19 05:20,2020.12.19 05:40,2020.12.19 06:00,2020.12.19 06:20,2020.12.19 06:40,2020.12.19 07:00,2020.12.19 07:20,2020.12.19 07:40,2020.12.19 08:00,2020.12.19 08:20,2020.12.19 08:40,2020.12.19 09:00,2020.12.19 09:20,2020.12.19 09:40,2020.12.19 10:00,2020.12.19 10:20,2020.12.19 10:40,2020.12.19 11:00,2020.12.19 11:20,2020.12.19 11:40,2020.12.19 12:00,2020.12.19 12:20,2020.12.19 12:40,2020.12.19 13:00,2020.12.19 13:20,2020.12.19 13:40,2020.12.19 14:00,2020.12.19 14:20
剑网3制作人郭炜炜,601995,631637,668837,706696,740335,766387,789137,809558,828011,843889,855536,865877,874395,882852,890730,898342,905756,912392,918727,925110,931514,937928,943812,950324,976029,997899,1015272,1029569,1040924,1050894,1060726,1068461,1074090,1078281,1081384,1083839,1085991,1087839,1089436,1091116,1092521,1094140,1096114,1098755,1103181,1109494,1122650,1139805,1164100,1190336,1218092,1247109,1276009,1303006,1329568,1354820,1379650,1403460,1426015,1450493,1471359,1490746,1509378,1526052,1540321,1553030,1564633
UziQAQ,425238,430616,437151,443615,449935,455466,460481,466965,475256,482514,487949,493101,498385,503398,508473,514046,519494,524775,530020,534532,539105,544045,548401,552923,562807,570845,577343,582572,586664,590330,593696,596122,598223,599936,601283,602554,603705,604790,605675,606695,607564,608347,609346,610476,612349,614741,618677,623174,629424,635972,642842,650092,657446,664339,671584,678139,684729,691866,699383,706285,712289,718006,723585,729530,734866,739710,743786
李佳琦Austin,357719,360018,362795,365370,368147,370362,372462,374804,377319,379628,381720,383952,386194,387990,389833,392002,394003,396187,398190,400208,402186,404472,406682,408791,412852,415993,418283,420056,421275,422236,423073,423592,423981,424300,424583,424812,425046,425267,425495,425658,425902,426144,426568,427170,428248,429525,431291,433635,436458,439506,442715,446404,449833,452850,455893,458832,461676,464526,466794,469273,471487,473691,475854,477963,479820,481664,483428
一条小团团OvO,207959,209976,212231,214349,216634,218744,220919,223033,225110,227114,228950,230656,232331,233791,235057,236660,238280,239835,241307,242686,244368,246134,247804,249357,254819,258119,260817,262451,264154,265397,266538,267405,267966,268514,268940,269457,269746,269949,270217,270522,270740,271080,271514,272076,272992,274514,276563,278994,281752,284477,287465,291098,294616,297708,300814,303641,306414,309461,312262,314528,317258,319591,322137,324473,326492,328250,330237
薇娅viyaaa,188809,190530,191789,192841,194390,195724,196820,199015,201861,204899,208280,210263,211646,212936,214823,218158,220975,223910,226630,228867,231011,232856,234575,236216,238920,240865,242681,243981,244876,245502,246091,246470,246897,247281,247602,247925,248144,248438,248885,249318,249858,250446,251238,252264,253804,255437,256411,257473,258763,259982,261522,262829,264312,265801,267178,268319,272248,278604,285111,288532,290870,292997,295658,297249,299185,301172,303298
李子柒,183819,184901,185848,186789,187726,188727,189722,190869,192052,193035,194031,194889,195829,196786,197774,198910,199917,201040,202214,203177,204287,205472,206665,207709,209794,211211,212124,212857,213403,213734,214053,214378,214526,214667,214800,214947,215002,215099,215163,215281,215380,215509,215724,216050,216375,216933,217667,218597,219753,221105,222390,223937,225342,226807,228236,229534,230808,232101,233283,234480,235576,236796,237864,238874,239790,240654,241599
iG_TheShy,158978,160195,161657,162796,164053,165043,165942,166957,168040,169259,170120,171011,171725,172543,173404,174371,175232,176118,177073,177808,178651,179538,180492,181475,183685,185084,186317,187281,187993,188615,189144,189535,189764,189920,190117,190246,190386,190455,190551,190696,190746,190901,191045,191257,191645,192001,192628,193607,195015,196334,197753,199254,200781,202450,204422,206653,208296,210268,212108,214174,215983,217549,218900,220041,221105,222055,222685
old先,137517,140272,141905,143563,145382,147057,148922,150756,152479,154224,156109,158140,159817,161176,169401,179682,187291,193998,200089,205979,210557,215071,218874,222301,227034,230378,232915,234876,236185,237356,238091,238674,239186,239539,239793,239954,240148,240330,240468,240589,240817,240995,241368,241887,242640,243910,245254,247375,250052,252811,255772,259002,262192,265760,269038,272565,275696,278659,281658,284603,287453,290408,293382,295971,298226,300459,302293
韦神_GODV,126155,127208,128232,129803,130772,131386,132159,132530,133273,135035,135381,135896,136375,136643,136989,137361,137669,138043,138410,138713,139124,139755,140290,140792,145369,147891,149838,151334,152273,153175,153893,154336,154615,154976,155244,155582,155749,155901,156038,156253,156439,156595,156903,157344,157976,158937,160036,161845,163660,165575,167507,169630,171600,173219,174958,176281,177628,178957,180404,182117,183446,184634,185790,186776,187633,188504,189263
JackeyLoveasdzz,115038,115659,116157,116526,117186,117717,118510,119153,119661,120507,121524,122201,122938,123661,124234,124890,125565,126175,126773,127407,127919,128810,129742,130796,132058,133406,134640,135368,136198,136778,137090,137340,137570,137765,137834,137901,137987,138067,138154,138215,138272,138407,138597,138730,138980,139166,139639,140285,141191,142120,143397,144861,146055,147373,148559,150046,151286,152206,153237,154733,155880,156756,157768,159025,159714,160285,161172
朱婷,74134,74499,74914,75431,75743,76136,76565,76920,77400,77931,78417,78768,79207,79585,80017,80436,81010,81735,82606,83807,84680,85385,85965,86597,88693,89886,90770,91268,91595,91842,92037,92102,92227,92339,92452,92528,92593,92654,92733,92781,92843,92951,93087,93297,93660,94186,94819,95489,96364,97273,98132,99147,100150,100979,101658,102226,102912,103416,104124,104804,105351,105883,106512,107212,107792,108364,108850
王冰冰,66463,66920,67511,68045,68708,69263,69899,70555,71153,71560,72139,72666,73257,73774,74379,74905,75315,75903,76355,76826,77295,77789,78302,78801,79821,0,0,0,0,0,0,0,0,0,0,0,0,0,0,0,0,0,0,0,0,0,0,0,0,0,0,0,0,0,0,0,0,0,0,0,0,0,0,0,0,0,0
花少北,0,0,0,0,0,0,0,0,0,0,0,0,0,0,0,0,0,0,0,0,0,0,0,0,0,80860,81858,82569,83171,83518,83841,84026,84086,84155,84235,84326,84407,84494,84557,84600,84705,84806,84934,85114,85338,85683,86162,86943,87798,88540,89521,90623,91603,92833,94244,95008,95823,96729,97736,98883,99971,100766,101766,102673,103321,103983,104618
